{
  "vocab_size": 126349,
  "sequence_length": 32,
  "lipschitz_estimates": [
    {
      "t": 1.0,
      "max_sv": 102.5,
      "p95_sv": 66.85,
      "p90_sv": 62.925,
      "median_sv": 47.125,
      "mean_sv": 47.80078125,
      "singular_values": [
        62.75,
        48.75,
        35.25,
        48.25,
        83.0,
        34.0,
        38.75,
        37.75,
        33.25,
        35.75,
        34.5,
        61.0,
        50.0,
        35.5,
        36.0,
        49.75,
        33.0,
        36.0,
        49.0,
        47.0,
        62.75,
        52.25,
        47.0,
        51.5,
        34.75,
        36.0,
        62.5,
        49.0,
        61.75,
        50.0,
        35.25,
        35.0,
        35.0,
        54.75,
        54.25,
        47.75,
        35.5,
        63.0,
        48.75,
        52.5,
        47.0,
        52.25,
        67.0,
        58.75,
        39.0,
        61.25,
        33.0,
        64.0,
        58.75,
        40.25,
        75.0,
        36.5,
        66.0,
        46.75,
        47.25,
        34.5,
        51.0,
        38.5,
        35.5,
        34.25,
        35.75,
        102.5,
        34.75,
        41.25
      ]
    },
    {
      "t": 0.5,
      "max_sv": 233.0,
      "p95_sv": 209.39999999999998,
      "p90_sv": 197.7,
      "median_sv": 154.0,
      "mean_sv": 157.765625,
      "singular_values": [
        176.0,
        135.0,
        192.0,
        151.0,
        206.0,
        140.0,
        140.0,
        158.0,
        160.0,
        150.0,
        221.0,
        210.0,
        147.0,
        123.5,
        152.0,
        114.0,
        198.0,
        181.0,
        139.0,
        112.0,
        197.0,
        95.5,
        177.0,
        159.0,
        172.0,
        140.0,
        190.0,
        169.0,
        171.0,
        148.0,
        123.5,
        223.0,
        139.0,
        122.5,
        174.0,
        164.0,
        156.0,
        144.0,
        148.0,
        149.0,
        185.0,
        174.0,
        169.0,
        149.0,
        109.5,
        176.0,
        125.0,
        178.0,
        136.0,
        163.0,
        121.0,
        149.0,
        142.0,
        195.0,
        169.0,
        135.0,
        159.0,
        201.0,
        233.0,
        124.0,
        117.5,
        188.0,
        119.0,
        113.0
      ]
    },
    {
      "t": 0.2,
      "max_sv": 43.25,
      "p95_sv": 36.7125,
      "p90_sv": 35.525000000000006,
      "median_sv": 27.3125,
      "mean_sv": 28.0234375,
      "singular_values": [
        23.0,
        28.625,
        34.0,
        23.375,
        35.75,
        38.0,
        28.5,
        30.125,
        24.625,
        36.0,
        21.875,
        30.875,
        25.0,
        27.25,
        26.125,
        14.4375,
        33.0,
        26.0,
        36.75,
        14.4375,
        22.0,
        21.875,
        14.375,
        36.5,
        25.0,
        22.125,
        21.875,
        27.125,
        28.625,
        30.375,
        35.0,
        24.75,
        23.375,
        29.625,
        34.0,
        27.125,
        24.75,
        34.0,
        16.375,
        33.25,
        31.625,
        28.75,
        33.25,
        43.25,
        23.25,
        27.125,
        31.5,
        30.875,
        26.25,
        26.875,
        25.875,
        26.125,
        31.75,
        24.625,
        28.5,
        25.0,
        30.625,
        31.875,
        22.125,
        28.625,
        27.375,
        33.25,
        23.125,
        42.0
      ]
    },
    {
      "t": 0.1,
      "max_sv": 81.0,
      "p95_sv": 76.0,
      "p90_sv": 74.50000000000001,
      "median_sv": 58.875,
      "mean_sv": 59.01171875,
      "singular_values": [
        55.5,
        52.25,
        71.0,
        52.0,
        48.25,
        65.0,
        59.0,
        68.0,
        44.0,
        52.0,
        70.5,
        76.0,
        44.25,
        70.5,
        48.0,
        68.0,
        76.0,
        48.25,
        62.0,
        68.0,
        43.75,
        48.25,
        52.0,
        78.5,
        65.0,
        52.25,
        55.75,
        55.5,
        52.0,
        55.5,
        65.0,
        62.0,
        59.25,
        55.5,
        52.0,
        76.0,
        34.25,
        62.0,
        59.0,
        81.0,
        39.25,
        55.5,
        58.75,
        48.0,
        52.0,
        65.5,
        59.0,
        71.0,
        62.0,
        55.5,
        68.0,
        48.0,
        68.0,
        68.0,
        65.0,
        65.0,
        52.25,
        39.25,
        52.0,
        76.0,
        81.0,
        43.75,
        58.75,
        62.25
      ]
    }
  ],
  "metadata": {
    "num_points_per_time": 64,
    "sampling_method": "dirichlet",
    "analysis_timestamp": "2025-06-21T09:57:00.529110"
  }
}