{
  "vocab_size": 126349,
  "sequence_length": 32,
  "lipschitz_estimates": [
    {
      "t": 1.0,
      "max_sv": 76.5,
      "p95_sv": 67.82499999999999,
      "p90_sv": 62.5,
      "median_sv": 45.75,
      "mean_sv": 46.08203125,
      "singular_values": [
        40.0,
        65.5,
        31.5,
        40.75,
        54.0,
        37.25,
        32.75,
        46.5,
        50.75,
        38.75,
        36.0,
        48.25,
        62.25,
        70.5,
        39.75,
        54.75,
        40.5,
        38.5,
        68.0,
        34.75,
        72.0,
        46.75,
        62.5,
        52.25,
        37.5,
        36.25,
        49.5,
        39.0,
        39.0,
        47.0,
        50.0,
        65.5,
        50.0,
        56.0,
        37.5,
        37.0,
        48.75,
        35.75,
        53.75,
        67.5,
        56.5,
        47.75,
        52.75,
        59.0,
        45.75,
        35.5,
        51.5,
        39.25,
        35.75,
        52.0,
        45.75,
        36.75,
        33.75,
        35.25,
        32.75,
        40.5,
        35.5,
        51.75,
        51.75,
        53.75,
        61.25,
        33.5,
        34.5,
        38.75,
        44.5,
        39.5,
        49.0,
        39.25,
        68.5,
        46.25,
        31.625,
        52.0,
        35.5,
        38.25,
        61.25,
        69.5,
        47.5,
        35.0,
        33.0,
        76.5,
        39.0,
        34.75,
        35.0,
        45.75,
        32.75,
        37.5,
        60.75,
        31.625,
        32.75,
        47.0,
        50.25,
        34.75,
        48.75,
        44.75,
        51.0,
        39.75,
        49.0,
        40.5,
        47.25,
        33.25,
        46.5,
        36.5,
        52.75,
        40.5,
        48.25,
        67.5,
        37.25,
        60.75,
        34.0,
        54.25,
        49.5,
        69.0,
        34.25,
        33.5,
        47.0,
        44.5,
        48.75,
        32.75,
        35.75,
        63.25,
        55.25,
        39.0,
        35.0,
        34.5,
        62.5,
        60.25,
        37.25,
        59.25
      ]
    },
    {
      "t": 0.9,
      "max_sv": 125.0,
      "p95_sv": 105.975,
      "p90_sv": 100.5,
      "median_sv": 77.75,
      "mean_sv": 79.578125,
      "singular_values": [
        90.5,
        80.5,
        69.5,
        87.5,
        92.0,
        87.5,
        64.0,
        79.5,
        89.0,
        75.5,
        84.5,
        104.5,
        109.5,
        60.5,
        65.0,
        84.5,
        73.5,
        70.5,
        78.0,
        56.75,
        66.5,
        73.0,
        61.0,
        100.5,
        65.5,
        121.5,
        56.5,
        72.5,
        69.0,
        91.5,
        74.0,
        72.0,
        100.5,
        56.25,
        76.5,
        76.0,
        67.0,
        78.5,
        65.0,
        90.0,
        88.5,
        73.0,
        93.5,
        77.0,
        80.0,
        99.5,
        61.0,
        66.0,
        76.0,
        90.0,
        77.5,
        61.25,
        46.0,
        86.5,
        83.0,
        79.5,
        108.0,
        63.0,
        89.5,
        65.0,
        62.5,
        102.5,
        88.5,
        71.0,
        86.0,
        97.5,
        58.25,
        57.75,
        55.0,
        66.5,
        62.5,
        90.0,
        78.5,
        97.0,
        70.0,
        73.0,
        62.5,
        83.0,
        67.0,
        58.25,
        59.75,
        104.5,
        84.5,
        88.5,
        66.0,
        63.5,
        84.0,
        67.5,
        92.5,
        81.0,
        75.0,
        66.5,
        106.5,
        69.5,
        65.5,
        74.5,
        75.5,
        74.0,
        92.5,
        87.0,
        80.0,
        83.5,
        125.0,
        93.5,
        105.0,
        73.0,
        97.5,
        68.0,
        59.25,
        100.5,
        107.0,
        78.5,
        85.5,
        92.5,
        96.5,
        84.5,
        72.5,
        77.5,
        102.5,
        62.25,
        80.0,
        68.0,
        110.5,
        62.75,
        77.5,
        95.0,
        86.5,
        96.0
      ]
    },
    {
      "t": 0.8,
      "max_sv": 159.0,
      "p95_sv": 146.24999999999994,
      "p90_sv": 136.3,
      "median_sv": 116.5,
      "mean_sv": 115.02734375,
      "singular_values": [
        96.0,
        94.5,
        98.0,
        117.0,
        151.0,
        127.5,
        85.5,
        101.5,
        123.5,
        131.0,
        82.5,
        119.5,
        115.5,
        121.5,
        118.0,
        112.5,
        121.0,
        143.0,
        104.5,
        136.0,
        122.0,
        72.5,
        117.0,
        159.0,
        94.5,
        109.5,
        106.5,
        106.0,
        150.0,
        137.0,
        85.0,
        122.5,
        98.5,
        110.0,
        106.0,
        78.0,
        151.0,
        118.0,
        106.5,
        113.0,
        141.0,
        116.0,
        113.0,
        103.5,
        118.0,
        114.5,
        106.0,
        123.0,
        129.0,
        110.0,
        113.0,
        118.0,
        110.0,
        158.0,
        117.5,
        89.0,
        88.0,
        109.5,
        123.0,
        132.0,
        136.0,
        123.0,
        100.0,
        113.0,
        98.5,
        129.0,
        124.5,
        118.5,
        114.5,
        143.0,
        92.5,
        116.0,
        122.5,
        98.0,
        123.0,
        111.5,
        122.0,
        93.5,
        117.0,
        113.5,
        117.0,
        125.0,
        95.5,
        102.0,
        121.0,
        107.5,
        120.0,
        103.0,
        122.0,
        91.0,
        124.0,
        131.0,
        132.0,
        154.0,
        95.5,
        93.0,
        132.0,
        132.0,
        107.5,
        100.0,
        122.5,
        100.5,
        112.0,
        141.0,
        138.0,
        131.0,
        99.5,
        121.5,
        133.0,
        119.5,
        120.5,
        135.0,
        111.0,
        122.5,
        76.5,
        103.5,
        91.5,
        100.5,
        148.0,
        108.0,
        121.5,
        101.0,
        109.5,
        123.0,
        128.0,
        90.0,
        122.5,
        84.0
      ]
    },
    {
      "t": 0.7,
      "max_sv": 412.0,
      "p95_sv": 249.64999999999998,
      "p90_sv": 241.89999999999998,
      "median_sv": 158.0,
      "mean_sv": 172.4765625,